Date,Interest Rate,Interest Paid,Principal Paid,Loan ID,Amendment
30-04-2024,0.0885,2230780.33,0,Loan1,01-04-2024
31-05-2024,0.0885,2305139.67,0,Loan1,01-04-2024
30-06-2024,0.0885,2230780.33,2712500,Loan1,01-04-2024
31-07-2024,0.0885,2284807.04,0,Loan1,01-04-2024
31-08-2024,0.0885,2284807.04,0,Loan1,01-04-2024
30-09-2024,0.0885,2211103.59,2712500,Loan1,01-04-2024
31-10-2024,0.0885,2264474.41,0,Loan1,01-04-2024
30-11-2024,0.0885,2191426.84,0,Loan1,01-04-2024
31-12-2024,0.0885,2264474.41,2712500,Loan1,01-04-2024
31-01-2025,0.0885,2250290.11,0,Loan1,01-04-2024
28-02-2025,0.0885,2032520.1,0,Loan1,01-04-2024
31-03-2025,0.0885,2250290.11,2712500,Loan1,01-04-2024
30-04-2025,0.0885,2157969.45,0,Loan1,01-04-2024
31-05-2025,0.0885,2229901.77,0,Loan1,01-04-2024
30-06-2025,0.0885,2157969.45,2712500,Loan1,01-04-2024
31-07-2025,0.0885,2209513.43,0,Loan1,01-04-2024
31-08-2025,0.0885,2209513.43,0,Loan1,01-04-2024
30-09-2025,0.0885,2138238.8,2712500,Loan1,01-04-2024
31-10-2025,0.0885,2189125.09,0,Loan1,01-04-2024
30-11-2025,0.0885,2118508.15,0,Loan1,01-04-2024
31-12-2025,0.0885,2189125.09,2712500,Loan1,01-04-2024
31-01-2026,0.0885,2168736.75,0,Loan1,01-04-2024
28-02-2026,0.0885,1958859,0,Loan1,01-04-2024
31-03-2026,0.0885,2168736.75,2712500,Loan1,01-04-2024
30-04-2026,0.0885,2079046.85,0,Loan1,01-04-2024
31-05-2026,0.0885,2148348.41,0,Loan1,01-04-2024
30-06-2026,0.0885,2079046.85,2712500,Loan1,01-04-2024
31-07-2026,0.0885,2127960.07,0,Loan1,01-04-2024
31-08-2026,0.0885,2127960.07,0,Loan1,01-04-2024
30-09-2026,0.0885,2059316.2,2712500,Loan1,01-04-2024
31-10-2026,0.0885,2107571.73,0,Loan1,01-04-2024
30-11-2026,0.0885,2039585.55,0,Loan1,01-04-2024
31-12-2026,0.0885,2107571.73,2712500,Loan1,01-04-2024
31-01-2027,0.0885,2087183.39,0,Loan1,01-04-2024
28-02-2027,0.0885,1885197.9,0,Loan1,01-04-2024
31-03-2027,0.0885,2087183.39,2712500,Loan1,01-04-2024
30-04-2027,0.0885,2000124.25,0,Loan1,01-04-2024
31-05-2027,0.0885,2066795.05,0,Loan1,01-04-2024
30-06-2027,0.0885,2000124.25,2712500,Loan1,01-04-2024
31-07-2027,0.0885,2046406.72,0,Loan1,01-04-2024
31-08-2027,0.0885,2046406.72,0,Loan1,01-04-2024
30-09-2027,0.0885,1980393.6,2712500,Loan1,01-04-2024
31-10-2027,0.0885,2026018.38,0,Loan1,01-04-2024
30-11-2027,0.0885,1960662.95,0,Loan1,01-04-2024
31-12-2027,0.0885,2026018.38,2712500,Loan1,01-04-2024
31-01-2028,0.0885,2005630.04,0,Loan1,01-04-2024
29-02-2028,0.0885,1811536.81,0,Loan1,01-04-2024
31-03-2028,0.0885,2005630.04,2712500,Loan1,01-04-2024
30-04-2028,0.0885,1985241.7,0,Loan1,01-04-2024
31-05-2028,0.0885,1985241.7,0,Loan1,01-04-2024
30-06-2028,0.0885,1921201.64,2635000,Loan1,01-04-2024
31-07-2028,0.0885,1965435.88,0,Loan1,01-04-2024
31-08-2028,0.0885,1965435.88,0,Loan1,01-04-2024
30-09-2028,0.0885,1902034.73,2635000,Loan1,01-04-2024
31-10-2028,0.0885,1945630.07,0,Loan1,01-04-2024
30-11-2028,0.0885,1882867.81,0,Loan1,01-04-2024
31-12-2028,0.0885,1945630.07,2635000,Loan1,01-04-2024
31-01-2029,0.0885,1925824.25,0,Loan1,01-04-2024
28-02-2029,0.0885,1739454.16,0,Loan1,01-04-2024
31-03-2029,0.0885,1925824.25,2635000,Loan1,01-04-2024
30-04-2029,0.0885,1844533.97,0,Loan1,01-04-2024
31-05-2029,0.0885,1906018.44,0,Loan1,01-04-2024
30-06-2029,0.0885,1844533.97,2712500,Loan1,01-04-2024
31-07-2029,0.0885,1885630.1,0,Loan1,01-04-2024
31-08-2029,0.0885,1885630.1,0,Loan1,01-04-2024
30-09-2029,0.0885,1824803.32,2712500,Loan1,01-04-2024
31-10-2029,0.0885,1865241.76,0,Loan1,01-04-2024
30-11-2029,0.0885,1805072.67,0,Loan1,01-04-2024
31-12-2029,0.0885,1865241.76,2712500,Loan1,01-04-2024
31-01-2030,0.0885,1844853.42,0,Loan1,01-04-2024
28-02-2030,0.0885,1666319.22,0,Loan1,01-04-2024
31-03-2030,0.0885,1844853.42,2712500,Loan1,01-04-2024
30-04-2030,0.0885,1765611.37,0,Loan1,01-04-2024
31-05-2030,0.0885,1824465.08,0,Loan1,01-04-2024
30-06-2030,0.0885,1765611.37,2945000,Loan1,01-04-2024
31-07-2030,0.0885,1802329.17,0,Loan1,01-04-2024
31-08-2030,0.0885,1802329.17,0,Loan1,01-04-2024
30-09-2030,0.0885,1744189.52,2945000,Loan1,01-04-2024
31-10-2030,0.0885,1780193.26,0,Loan1,01-04-2024
30-11-2030,0.0885,1722767.67,0,Loan1,01-04-2024
31-12-2030,0.0885,1780193.26,2945000,Loan1,01-04-2024
31-01-2031,0.0885,1758057.35,0,Loan1,01-04-2024
28-02-2031,0.0885,1587922.77,0,Loan1,01-04-2024
31-03-2031,0.0885,1758057.35,2945000,Loan1,01-04-2024
30-04-2031,0.0885,1679923.97,0,Loan1,01-04-2024
31-05-2031,0.0885,1735921.44,0,Loan1,01-04-2024
30-06-2031,0.0885,1679923.97,3487500,Loan1,01-04-2024
31-07-2031,0.0885,1709707.86,0,Loan1,01-04-2024
31-08-2031,0.0885,1709707.86,0,Loan1,01-04-2024
30-09-2031,0.0885,1654555.99,3487500,Loan1,01-04-2024
31-10-2031,0.0885,1683494.28,0,Loan1,01-04-2024
30-11-2031,0.0885,1629188.01,0,Loan1,01-04-2024
31-12-2031,0.0885,1683494.28,3487500,Loan1,01-04-2024
31-01-2032,0.0885,1657280.7,0,Loan1,01-04-2024
29-02-2032,0.0885,1496898.7,0,Loan1,01-04-2024
31-03-2032,0.0885,1710741.37,3487500,Loan1,01-04-2024
30-04-2032,0.0885,1578452.05,0,Loan1,01-04-2024
31-05-2032,0.0885,1631067.12,0,Loan1,01-04-2024
30-06-2032,0.0885,1578452.05,3681250,Loan1,01-04-2024
31-07-2032,0.0885,1603397.23,0,Loan1,01-04-2024
31-08-2032,0.0885,1603397.23,0,Loan1,01-04-2024
30-09-2032,0.0885,1551674.74,3681250,Loan1,01-04-2024
31-10-2032,0.0885,1575727.35,0,Loan1,01-04-2024
30-11-2032,0.0885,1524897.43,0,Loan1,01-04-2024
31-12-2032,0.0885,1575727.35,3681250,Loan1,01-04-2024
31-01-2033,0.0885,1548057.46,0,Loan1,01-04-2024
28-02-2033,0.0885,1398245.45,0,Loan1,01-04-2024
31-03-2033,0.0885,1548057.46,3681250,Loan1,01-04-2024
30-04-2033,0.0885,1471342.81,0,Loan1,01-04-2024
31-05-2033,0.0885,1520387.57,0,Loan1,01-04-2024
30-06-2033,0.0885,1471342.81,3875000,Loan1,01-04-2024
31-07-2033,0.0885,1491261.37,0,Loan1,01-04-2024
31-08-2033,0.0885,1491261.37,0,Loan1,01-04-2024
30-09-2033,0.0885,1443156.16,3875000,Loan1,01-04-2024
31-10-2033,0.0885,1462135.17,0,Loan1,01-04-2024
30-11-2033,0.0885,1414969.52,0,Loan1,01-04-2024
31-12-2033,0.0885,1462135.17,3875000,Loan1,01-04-2024
31-01-2034,0.0885,1433008.97,0,Loan1,01-04-2024
28-02-2034,0.0885,1294330.68,0,Loan1,01-04-2024
31-03-2034,0.0885,1433008.97,3875000,Loan1,01-04-2024
30-04-2034,0.0885,1358596.23,0,Loan1,01-04-2024
31-05-2034,0.0885,1403882.77,0,Loan1,01-04-2024
30-06-2034,0.0885,1358596.23,4262500,Loan1,01-04-2024
31-07-2034,0.0885,1371843.96,0,Loan1,01-04-2024
31-08-2034,0.0885,1371843.96,0,Loan1,01-04-2024
30-09-2034,0.0885,1327590.92,4262500,Loan1,01-04-2024
31-10-2034,0.0885,1339805.14,0,Loan1,01-04-2024
30-11-2034,0.0885,1296585.62,0,Loan1,01-04-2024
31-12-2034,0.0885,1339805.14,4262500,Loan1,01-04-2024
31-01-2035,0.0885,1307766.32,0,Loan1,01-04-2024
28-02-2035,0.0885,1181208.29,0,Loan1,01-04-2024
31-03-2035,0.0885,1307766.32,4262500,Loan1,01-04-2024
30-04-2035,0.0885,1234575,0,Loan1,01-04-2024
31-05-2035,0.0885,1275727.5,0,Loan1,01-04-2024
30-06-2035,0.0885,1234575,4262500,Loan1,01-04-2024
31-07-2035,0.0885,1243688.68,0,Loan1,01-04-2024
31-08-2035,0.0885,1243688.68,0,Loan1,01-04-2024
30-09-2035,0.0885,1203569.69,4262500,Loan1,01-04-2024
31-10-2035,0.0885,1211649.86,0,Loan1,01-04-2024
30-11-2035,0.0885,1172564.38,0,Loan1,01-04-2024
31-12-2035,0.0885,1211649.86,4262500,Loan1,01-04-2024
31-01-2036,0.0885,1179611.04,0,Loan1,01-04-2024
29-02-2036,0.0885,1065455.14,0,Loan1,01-04-2024
31-03-2036,0.0885,1217663.01,4262500,Loan1,01-04-2024
30-04-2036,0.0885,1110553.77,0,Loan1,01-04-2024
31-05-2036,0.0885,1147572.23,0,Loan1,01-04-2024
30-06-2036,0.0885,1110553.77,4650000,Loan1,01-04-2024
31-07-2036,0.0885,1112620.79,0,Loan1,01-04-2024
31-08-2036,0.0885,1112620.79,0,Loan1,01-04-2024
30-09-2036,0.0885,1076729.79,4650000,Loan1,01-04-2024
31-10-2036,0.0885,1077669.35,0,Loan1,01-04-2024
30-11-2036,0.0885,1042905.82,0,Loan1,01-04-2024
31-12-2036,0.0885,1077669.35,4650000,Loan1,01-04-2024
31-01-2037,0.0885,1042717.91,0,Loan1,01-04-2024
28-02-2037,0.0885,941809.73,0,Loan1,01-04-2024
31-03-2037,0.0885,1042717.91,4650000,Loan1,01-04-2024
30-04-2037,0.0885,975257.88,0,Loan1,01-04-2024
31-05-2037,0.0885,1007766.47,0,Loan1,01-04-2024
30-06-2037,0.0885,975257.88,5037500,Loan1,01-04-2024
31-07-2037,0.0885,969902.41,0,Loan1,01-04-2024
31-08-2037,0.0885,969902.41,0,Loan1,01-04-2024
30-09-2037,0.0885,938615.24,5037500,Loan1,01-04-2024
31-10-2037,0.0885,932038.36,0,Loan1,01-04-2024
30-11-2037,0.0885,901972.6,0,Loan1,01-04-2024
31-12-2037,0.0885,932038.36,5037500,Loan1,01-04-2024
31-01-2038,0.0885,894174.3,0,Loan1,01-04-2024
28-02-2038,0.0885,807641.3,0,Loan1,01-04-2024
31-03-2038,0.0885,894174.3,5037500,Loan1,01-04-2024
30-04-2038,0.0885,828687.33,0,Loan1,01-04-2024
31-05-2038,0.0885,856310.24,0,Loan1,01-04-2024
30-06-2038,0.0885,828687.33,5231250,Loan1,01-04-2024
31-07-2038,0.0885,816989.87,0,Loan1,01-04-2024
31-08-2038,0.0885,816989.87,0,Loan1,01-04-2024
30-09-2038,0.0885,790635.36,5231250,Loan1,01-04-2024
31-10-2038,0.0885,777669.5,0,Loan1,01-04-2024
30-11-2038,0.0885,752583.39,0,Loan1,01-04-2024
31-12-2038,0.0885,777669.5,5231250,Loan1,01-04-2024
31-01-2039,0.0885,738349.14,0,Loan1,01-04-2024
28-02-2039,0.0885,666895.99,0,Loan1,01-04-2024
31-03-2039,0.0885,738349.14,5231250,Loan1,01-04-2024
30-04-2039,0.0885,676479.45,0,Loan1,01-04-2024
31-05-2039,0.0885,699028.77,0,Loan1,01-04-2024
30-06-2039,0.0885,676479.45,5812500,Loan1,01-04-2024
31-07-2039,0.0885,655339.47,0,Loan1,01-04-2024
31-08-2039,0.0885,655339.47,0,Loan1,01-04-2024
30-09-2039,0.0885,634199.49,5812500,Loan1,01-04-2024
31-10-2039,0.0885,611650.17,0,Loan1,01-04-2024
30-11-2039,0.0885,591919.52,0,Loan1,01-04-2024
31-12-2039,0.0885,611650.17,5812500,Loan1,01-04-2024
31-01-2040,0.0885,567960.87,0,Loan1,01-04-2024
29-02-2040,0.0885,531318.24,0,Loan1,01-04-2024
31-03-2040,0.0885,567960.87,5812500,Loan1,01-04-2024
30-04-2040,0.0885,507359.59,0,Loan1,01-04-2024
31-05-2040,0.0885,524271.58,0,Loan1,01-04-2024
30-06-2040,0.0885,507359.59,5812500,Loan1,01-04-2024
31-07-2040,0.0885,480582.28,0,Loan1,01-04-2024
31-08-2040,0.0885,480582.28,0,Loan1,01-04-2024
30-09-2040,0.0885,465079.62,5812500,Loan1,01-04-2024
31-10-2040,0.0885,436892.98,0,Loan1,01-04-2024
30-11-2040,0.0885,422799.66,0,Loan1,01-04-2024
31-12-2040,0.0885,436892.98,5812500,Loan1,01-04-2024
31-01-2041,0.0885,393203.68,0,Loan1,01-04-2024
28-02-2041,0.0885,355151.71,0,Loan1,01-04-2024
31-03-2041,0.0885,393203.68,5812500,Loan1,01-04-2024
30-04-2041,0.0885,338239.73,0,Loan1,01-04-2024
31-05-2041,0.0885,349514.38,0,Loan1,01-04-2024
30-06-2041,0.0885,338239.73,6200000,Loan1,01-04-2024
31-07-2041,0.0885,302912.47,0,Loan1,01-04-2024
31-08-2041,0.0885,302912.47,0,Loan1,01-04-2024
30-09-2041,0.0885,293141.1,6200000,Loan1,01-04-2024
31-10-2041,0.0885,256310.55,0,Loan1,01-04-2024
30-11-2041,0.0885,248042.47,0,Loan1,01-04-2024
31-12-2041,0.0885,256310.55,6200000,Loan1,01-04-2024
31-01-2042,0.0885,209708.63,0,Loan1,01-04-2024
28-02-2042,0.0885,189414.25,0,Loan1,01-04-2024
31-03-2042,0.0885,209708.63,6200000,Loan1,01-04-2024
30-04-2042,0.0885,157845.21,0,Loan1,01-04-2024
31-05-2042,0.0885,163106.71,0,Loan1,01-04-2024
30-06-2042,0.0885,157845.21,7223000,Loan1,01-04-2024
31-07-2042,0.0885,108815.48,0,Loan1,01-04-2024
31-08-2042,0.0885,108815.48,0,Loan1,01-04-2024
30-09-2042,0.0885,105305.3,7223000,Loan1,01-04-2024
31-10-2042,0.0885,54524.24,0,Loan1,01-04-2024
30-11-2042,0.0885,52765.4,0,Loan1,01-04-2024
31-12-2042,0.0885,54524.24,7254000,Loan1,01-04-2024
30-09-2024,0.0885,2210447.69,2712500,Loan1,30-09-2024
31-10-2024,0.0885,2264474.41,0,Loan1,30-09-2024
30-11-2024,0.0885,2191426.84,0,Loan1,30-09-2024
31-12-2024,0.0885,2264474.41,2712500,Loan1,30-09-2024
31-01-2025,0.0885,2250290.11,0,Loan1,30-09-2024
28-02-2025,0.0885,2032520.1,0,Loan1,30-09-2024
31-03-2025,0.0885,2250290.11,2712500,Loan1,30-09-2024
30-04-2025,0.0885,2157969.45,0,Loan1,30-09-2024
31-05-2025,0.0885,2229901.77,0,Loan1,30-09-2024
30-06-2025,0.0885,2157969.45,2712500,Loan1,30-09-2024
31-07-2025,0.0885,2209513.43,0,Loan1,30-09-2024
31-08-2025,0.0885,2209513.43,0,Loan1,30-09-2024
30-09-2025,0.0885,2138238.8,2712500,Loan1,30-09-2024
31-10-2025,0.0885,2189125.09,0,Loan1,30-09-2024
30-11-2025,0.0885,2118508.15,0,Loan1,30-09-2024
31-12-2025,0.0885,2189125.09,2712500,Loan1,30-09-2024
31-01-2026,0.0885,2168736.75,0,Loan1,30-09-2024
28-02-2026,0.0885,1958859,0,Loan1,30-09-2024
31-03-2026,0.0885,2168736.75,2712500,Loan1,30-09-2024
30-04-2026,0.0885,2079046.85,0,Loan1,30-09-2024
31-05-2026,0.0885,2148348.41,0,Loan1,30-09-2024
30-06-2026,0.0885,2079046.85,2712500,Loan1,30-09-2024
31-07-2026,0.0885,2127960.07,0,Loan1,30-09-2024
31-08-2026,0.0885,2127960.07,0,Loan1,30-09-2024
30-09-2026,0.0885,2059316.2,2712500,Loan1,30-09-2024
31-10-2026,0.0885,2107571.73,0,Loan1,30-09-2024
30-11-2026,0.0885,2039585.55,0,Loan1,30-09-2024
31-12-2026,0.0885,2107571.73,2712500,Loan1,30-09-2024
31-01-2027,0.0885,2087183.39,0,Loan1,30-09-2024
28-02-2027,0.0885,1885197.9,0,Loan1,30-09-2024
31-03-2027,0.0885,2087183.39,2712500,Loan1,30-09-2024
30-04-2027,0.0885,2000124.25,0,Loan1,30-09-2024
31-05-2027,0.0885,2066795.05,0,Loan1,30-09-2024
30-06-2027,0.0885,2000124.25,2712500,Loan1,30-09-2024
31-07-2027,0.0885,2046406.72,0,Loan1,30-09-2024
31-08-2027,0.0885,2046406.72,0,Loan1,30-09-2024
30-09-2027,0.0885,1980393.6,2712500,Loan1,30-09-2024
31-10-2027,0.0885,2026018.38,0,Loan1,30-09-2024
30-11-2027,0.0885,1960662.95,0,Loan1,30-09-2024
31-12-2027,0.0885,2026018.38,2712500,Loan1,30-09-2024
31-01-2028,0.0885,2005630.04,0,Loan1,30-09-2024
29-02-2028,0.0885,1876234.55,0,Loan1,30-09-2024
31-03-2028,0.0885,2005630.04,2712500,Loan1,30-09-2024
30-04-2028,0.0885,1921201.64,0,Loan1,30-09-2024
31-05-2028,0.0885,1985241.7,0,Loan1,30-09-2024
30-06-2028,0.0885,1921201.64,2635000,Loan1,30-09-2024
31-07-2028,0.0885,1965435.88,0,Loan1,30-09-2024
31-08-2028,0.0885,1965435.88,0,Loan1,30-09-2024
30-09-2028,0.0885,1902034.73,2635000,Loan1,30-09-2024
31-10-2028,0.0885,1945630.07,0,Loan1,30-09-2024
30-11-2028,0.0885,1882867.81,0,Loan1,30-09-2024
31-12-2028,0.0885,1945630.07,2635000,Loan1,30-09-2024
31-01-2029,0.0885,1925824.25,0,Loan1,30-09-2024
28-02-2029,0.0885,1739454.16,0,Loan1,30-09-2024
31-03-2029,0.0885,1925824.25,2635000,Loan1,30-09-2024
30-04-2029,0.0885,1844533.97,0,Loan1,30-09-2024
31-05-2029,0.0885,1906018.44,0,Loan1,30-09-2024
30-06-2029,0.0885,1844533.97,2712500,Loan1,30-09-2024
31-07-2029,0.0885,1885630.1,0,Loan1,30-09-2024
31-08-2029,0.0885,1885630.1,0,Loan1,30-09-2024
30-09-2029,0.0885,1824803.32,2712500,Loan1,30-09-2024
31-10-2029,0.0885,1865241.76,0,Loan1,30-09-2024
30-11-2029,0.0885,1805072.67,0,Loan1,30-09-2024
31-12-2029,0.0885,1865241.76,2712500,Loan1,30-09-2024
31-01-2030,0.0885,1844853.42,0,Loan1,30-09-2024
28-02-2030,0.0885,1666319.22,0,Loan1,30-09-2024
31-03-2030,0.0885,1844853.42,2712500,Loan1,30-09-2024
30-04-2030,0.0885,1765611.37,0,Loan1,30-09-2024
31-05-2030,0.0885,1824465.08,0,Loan1,30-09-2024
30-06-2030,0.0885,1765611.37,2945000,Loan1,30-09-2024
31-07-2030,0.0885,1802329.17,0,Loan1,30-09-2024
31-08-2030,0.0885,1802329.17,0,Loan1,30-09-2024
30-09-2030,0.0885,1744189.52,2945000,Loan1,30-09-2024
31-10-2030,0.0885,1780193.26,0,Loan1,30-09-2024
30-11-2030,0.0885,1722767.67,0,Loan1,30-09-2024
31-12-2030,0.0885,1780193.26,2945000,Loan1,30-09-2024
31-01-2031,0.0885,1758057.35,0,Loan1,30-09-2024
28-02-2031,0.0885,1587922.77,0,Loan1,30-09-2024
31-03-2031,0.0885,1758057.35,2945000,Loan1,30-09-2024
30-04-2031,0.0885,1679923.97,0,Loan1,30-09-2024
31-05-2031,0.0885,1735921.44,0,Loan1,30-09-2024
30-06-2031,0.0885,1679923.97,3487500,Loan1,30-09-2024
31-07-2031,0.0885,1709707.86,0,Loan1,30-09-2024
31-08-2031,0.0885,1709707.86,0,Loan1,30-09-2024
30-09-2031,0.0885,1654555.99,3487500,Loan1,30-09-2024
31-10-2031,0.0885,1683494.28,0,Loan1,30-09-2024
30-11-2031,0.0885,1629188.01,0,Loan1,30-09-2024
31-12-2031,0.0885,1683494.28,3487500,Loan1,30-09-2024
31-01-2032,0.0885,1657280.7,0,Loan1,30-09-2024
29-02-2032,0.0885,1550359.37,0,Loan1,30-09-2024
31-03-2032,0.0885,1657280.7,3487500,Loan1,30-09-2024
30-04-2032,0.0885,1578452.05,0,Loan1,30-09-2024
31-05-2032,0.0885,1631067.12,0,Loan1,30-09-2024
30-06-2032,0.0885,1578452.05,3681250,Loan1,30-09-2024
31-07-2032,0.0885,1603397.23,0,Loan1,30-09-2024
31-08-2032,0.0885,1603397.23,0,Loan1,30-09-2024
30-09-2032,0.0885,1551674.74,3681250,Loan1,30-09-2024
31-10-2032,0.0885,1575727.35,0,Loan1,30-09-2024
30-11-2032,0.0885,1524897.43,0,Loan1,30-09-2024
31-12-2032,0.0885,1575727.35,3681250,Loan1,30-09-2024
31-01-2033,0.0885,1548057.46,0,Loan1,30-09-2024
28-02-2033,0.0885,1398245.45,0,Loan1,30-09-2024
31-03-2033,0.0885,1548057.46,3681250,Loan1,30-09-2024
30-04-2033,0.0885,1471342.81,0,Loan1,30-09-2024
31-05-2033,0.0885,1520387.57,0,Loan1,30-09-2024
30-06-2033,0.0885,1471342.81,3875000,Loan1,30-09-2024
31-07-2033,0.0885,1491261.37,0,Loan1,30-09-2024
31-08-2033,0.0885,1491261.37,0,Loan1,30-09-2024
30-09-2033,0.0885,1443156.16,3875000,Loan1,30-09-2024
31-10-2033,0.0885,1462135.17,0,Loan1,30-09-2024
30-11-2033,0.0885,1414969.52,0,Loan1,30-09-2024
31-12-2033,0.0885,1462135.17,3875000,Loan1,30-09-2024
31-01-2034,0.0885,1433008.97,0,Loan1,30-09-2024
28-02-2034,0.0885,1294330.68,0,Loan1,30-09-2024
31-03-2034,0.0885,1433008.97,3875000,Loan1,30-09-2024
30-04-2034,0.0885,1358596.23,0,Loan1,30-09-2024
31-05-2034,0.0885,1403882.77,0,Loan1,30-09-2024
30-06-2034,0.0885,1358596.23,4262500,Loan1,30-09-2024
31-07-2034,0.0885,1371843.96,0,Loan1,30-09-2024
31-08-2034,0.0885,1371843.96,0,Loan1,30-09-2024
30-09-2034,0.0885,1327590.92,4262500,Loan1,30-09-2024
31-10-2034,0.0885,1339805.14,0,Loan1,30-09-2024
30-11-2034,0.0885,1296585.62,0,Loan1,30-09-2024
31-12-2034,0.0885,1339805.14,4262500,Loan1,30-09-2024
31-01-2035,0.0885,1307766.32,0,Loan1,30-09-2024
28-02-2035,0.0885,1181208.29,0,Loan1,30-09-2024
31-03-2035,0.0885,1307766.32,4262500,Loan1,30-09-2024
30-04-2035,0.0885,1234575,0,Loan1,30-09-2024
31-05-2035,0.0885,1275727.5,0,Loan1,30-09-2024
30-06-2035,0.0885,1234575,4262500,Loan1,30-09-2024
31-07-2035,0.0885,1243688.68,0,Loan1,30-09-2024
31-08-2035,0.0885,1243688.68,0,Loan1,30-09-2024
30-09-2035,0.0885,1203569.69,4262500,Loan1,30-09-2024
31-10-2035,0.0885,1211649.86,0,Loan1,30-09-2024
30-11-2035,0.0885,1172564.38,0,Loan1,30-09-2024
31-12-2035,0.0885,1211649.86,4262500,Loan1,30-09-2024
31-01-2036,0.0885,1179611.04,0,Loan1,30-09-2024
29-02-2036,0.0885,1103507.11,0,Loan1,30-09-2024
31-03-2036,0.0885,1179611.04,4262500,Loan1,30-09-2024
30-04-2036,0.0885,1110553.77,0,Loan1,30-09-2024
31-05-2036,0.0885,1147572.23,0,Loan1,30-09-2024
30-06-2036,0.0885,1110553.77,4650000,Loan1,30-09-2024
31-07-2036,0.0885,1112620.79,0,Loan1,30-09-2024
31-08-2036,0.0885,1112620.79,0,Loan1,30-09-2024
30-09-2036,0.0885,1076729.79,4650000,Loan1,30-09-2024
31-10-2036,0.0885,1077669.35,0,Loan1,30-09-2024
30-11-2036,0.0885,1042905.82,0,Loan1,30-09-2024
31-12-2036,0.0885,1077669.35,4650000,Loan1,30-09-2024
31-01-2037,0.0885,1042717.91,0,Loan1,30-09-2024
28-02-2037,0.0885,941809.73,0,Loan1,30-09-2024
31-03-2037,0.0885,1042717.91,4650000,Loan1,30-09-2024
30-04-2037,0.0885,975257.88,0,Loan1,30-09-2024
31-05-2037,0.0885,1007766.47,0,Loan1,30-09-2024
30-06-2037,0.0885,975257.88,5037500,Loan1,30-09-2024
31-07-2037,0.0885,969902.41,0,Loan1,30-09-2024
31-08-2037,0.0885,969902.41,0,Loan1,30-09-2024
30-09-2037,0.0885,938615.24,5037500,Loan1,30-09-2024
31-10-2037,0.0885,932038.36,0,Loan1,30-09-2024
30-11-2037,0.0885,901972.6,0,Loan1,30-09-2024
31-12-2037,0.0885,932038.36,5037500,Loan1,30-09-2024
31-01-2038,0.0885,894174.3,0,Loan1,30-09-2024
28-02-2038,0.0885,807641.3,0,Loan1,30-09-2024
31-03-2038,0.0885,894174.3,5037500,Loan1,30-09-2024
30-04-2038,0.0885,828687.33,0,Loan1,30-09-2024
31-05-2038,0.0885,856310.24,0,Loan1,30-09-2024
30-06-2038,0.0885,828687.33,5231250,Loan1,30-09-2024
31-07-2038,0.0885,816989.87,0,Loan1,30-09-2024
31-08-2038,0.0885,816989.87,0,Loan1,30-09-2024
30-09-2038,0.0885,790635.36,5231250,Loan1,30-09-2024
31-10-2038,0.0885,777669.5,0,Loan1,30-09-2024
30-11-2038,0.0885,752583.39,0,Loan1,30-09-2024
31-12-2038,0.0885,777669.5,5231250,Loan1,30-09-2024
31-01-2039,0.0885,738349.14,0,Loan1,30-09-2024
28-02-2039,0.0885,666895.99,0,Loan1,30-09-2024
31-03-2039,0.0885,738349.14,5231250,Loan1,30-09-2024
30-04-2039,0.0885,676479.45,0,Loan1,30-09-2024
31-05-2039,0.0885,699028.77,0,Loan1,30-09-2024
30-06-2039,0.0885,676479.45,5812500,Loan1,30-09-2024
31-07-2039,0.0885,655339.47,0,Loan1,30-09-2024
31-08-2039,0.0885,655339.47,0,Loan1,30-09-2024
30-09-2039,0.0885,634199.49,5812500,Loan1,30-09-2024
31-10-2039,0.0885,611650.17,0,Loan1,30-09-2024
30-11-2039,0.0885,591919.52,0,Loan1,30-09-2024
31-12-2039,0.0885,611650.17,5812500,Loan1,30-09-2024
31-01-2040,0.0885,567960.87,0,Loan1,30-09-2024
29-02-2040,0.0885,531318.24,0,Loan1,30-09-2024
31-03-2040,0.0885,567960.87,5812500,Loan1,30-09-2024
30-04-2040,0.0885,507359.59,0,Loan1,30-09-2024
31-05-2040,0.0885,524271.58,0,Loan1,30-09-2024
30-06-2040,0.0885,507359.59,5812500,Loan1,30-09-2024
31-07-2040,0.0885,480582.28,0,Loan1,30-09-2024
31-08-2040,0.0885,480582.28,0,Loan1,30-09-2024
30-09-2040,0.0885,465079.62,5812500,Loan1,30-09-2024
31-10-2040,0.0885,436892.98,0,Loan1,30-09-2024
30-11-2040,0.0885,422799.66,0,Loan1,30-09-2024
31-12-2040,0.0885,436892.98,5812500,Loan1,30-09-2024
31-01-2041,0.0885,393203.68,0,Loan1,30-09-2024
28-02-2041,0.0885,355151.71,0,Loan1,30-09-2024
31-03-2041,0.0885,393203.68,5812500,Loan1,30-09-2024
30-04-2041,0.0885,338239.73,0,Loan1,30-09-2024
31-05-2041,0.0885,349514.38,0,Loan1,30-09-2024
30-06-2041,0.0885,338239.73,6200000,Loan1,30-09-2024
31-07-2041,0.0885,302912.47,0,Loan1,30-09-2024
31-08-2041,0.0885,302912.47,0,Loan1,30-09-2024
30-09-2041,0.0885,293141.1,6200000,Loan1,30-09-2024
31-10-2041,0.0885,256310.55,0,Loan1,30-09-2024
30-11-2041,0.0885,248042.47,0,Loan1,30-09-2024
31-12-2041,0.0885,256310.55,6200000,Loan1,30-09-2024
31-01-2042,0.0885,209708.63,0,Loan1,30-09-2024
28-02-2042,0.0885,189414.25,0,Loan1,30-09-2024
31-03-2042,0.0885,209708.63,6200000,Loan1,30-09-2024
30-04-2042,0.0885,157845.21,0,Loan1,30-09-2024
31-05-2042,0.0885,163106.71,0,Loan1,30-09-2024
30-06-2042,0.0885,157845.21,7223000,Loan1,30-09-2024
31-07-2042,0.0885,108815.48,0,Loan1,30-09-2024
31-08-2042,0.0885,108815.48,0,Loan1,30-09-2024
30-09-2042,0.0885,105305.3,7223000,Loan1,30-09-2024
31-10-2042,0.0885,54524.24,0,Loan1,30-09-2024
30-11-2042,0.0885,52765.4,0,Loan1,30-09-2024
31-12-2042,0.0885,54524.24,7254000,Loan1,30-09-2024
31-12-2024,0.0885,2263818.51,"27,12,500.00",Loan2,31-12-2024
31-01-2025,0.0885,2250290.11,0,Loan2,31-12-2024
28-02-2025,0.0885,2032520.1,0,Loan2,31-12-2024
31-03-2025,0.0885,2250290.11,"27,12,500.00",Loan2,31-12-2024
30-04-2025,0.0885,2157969.45,0,Loan2,31-12-2024
31-05-2025,0.0885,2229901.77,0,Loan2,31-12-2024
30-06-2025,0.0885,2157969.45,"27,12,500.00",Loan2,31-12-2024
31-07-2025,0.0885,2209513.43,0,Loan2,31-12-2024
31-08-2025,0.0885,2209513.43,0,Loan2,31-12-2024
30-09-2025,0.0885,2138238.8,"27,12,500.00",Loan2,31-12-2024
31-10-2025,0.0885,2189125.09,0,Loan2,31-12-2024
30-11-2025,0.0885,2118508.15,0,Loan2,31-12-2024
31-12-2025,0.0885,2189125.09,"27,12,500.00",Loan2,31-12-2024
31-01-2026,0.0885,2168736.75,0,Loan2,31-12-2024
28-02-2026,0.0885,1958859,0,Loan2,31-12-2024
31-03-2026,0.0885,2168736.75,"27,12,500.00",Loan2,31-12-2024
30-04-2026,0.0885,2079046.85,0,Loan2,31-12-2024
31-05-2026,0.0885,2148348.41,0,Loan2,31-12-2024
30-06-2026,0.0885,2079046.85,"27,12,500.00",Loan2,31-12-2024
31-07-2026,0.0885,2127960.07,0,Loan2,31-12-2024
31-08-2026,0.0885,2127960.07,0,Loan2,31-12-2024
30-09-2026,0.0885,2059316.2,"27,12,500.00",Loan2,31-12-2024
31-10-2026,0.0885,2107571.73,0,Loan2,31-12-2024
30-11-2026,0.0885,2039585.55,0,Loan2,31-12-2024
31-12-2026,0.0885,2107571.73,"27,12,500.00",Loan2,31-12-2024
31-01-2027,0.0885,2087183.39,0,Loan2,31-12-2024
28-02-2027,0.0885,1885197.9,0,Loan2,31-12-2024
31-03-2027,0.0885,2087183.39,"27,12,500.00",Loan2,31-12-2024
30-04-2027,0.0885,2000124.25,0,Loan2,31-12-2024
31-05-2027,0.0885,2066795.05,0,Loan2,31-12-2024
30-06-2027,0.0885,2000124.25,"27,12,500.00",Loan2,31-12-2024
31-07-2027,0.0885,2046406.72,0,Loan2,31-12-2024
31-08-2027,0.0885,2046406.72,0,Loan2,31-12-2024
30-09-2027,0.0885,1980393.6,"27,12,500.00",Loan2,31-12-2024
31-10-2027,0.0885,2026018.38,0,Loan2,31-12-2024
30-11-2027,0.0885,1960662.95,0,Loan2,31-12-2024
31-12-2027,0.0885,2026018.38,"27,12,500.00",Loan2,31-12-2024
31-01-2028,0.0885,2005630.04,0,Loan2,31-12-2024
29-02-2028,0.0885,1876234.55,0,Loan2,31-12-2024
31-03-2028,0.0885,2005630.04,"27,12,500.00",Loan2,31-12-2024
30-04-2028,0.0885,1921201.64,0,Loan2,31-12-2024
31-05-2028,0.0885,1985241.7,0,Loan2,31-12-2024
30-06-2028,0.0885,1921201.64,"26,35,000.00",Loan2,31-12-2024
31-07-2028,0.0885,1965435.88,0,Loan2,31-12-2024
31-08-2028,0.0885,1965435.88,0,Loan2,31-12-2024
30-09-2028,0.0885,1902034.73,"26,35,000.00",Loan2,31-12-2024
31-10-2028,0.0885,1945630.07,0,Loan2,31-12-2024
30-11-2028,0.0885,1882867.81,0,Loan2,31-12-2024
31-12-2028,0.0885,1945630.07,"26,35,000.00",Loan2,31-12-2024
31-01-2029,0.0885,1925824.25,0,Loan2,31-12-2024
28-02-2029,0.0885,1739454.16,0,Loan2,31-12-2024
31-03-2029,0.0885,1925824.25,"26,35,000.00",Loan2,31-12-2024
30-04-2029,0.0885,1844533.97,0,Loan2,31-12-2024
31-05-2029,0.0885,1906018.44,0,Loan2,31-12-2024
30-06-2029,0.0885,1844533.97,"27,12,500.00",Loan2,31-12-2024
31-07-2029,0.0885,1885630.1,0,Loan2,31-12-2024
31-08-2029,0.0885,1885630.1,0,Loan2,31-12-2024
30-09-2029,0.0885,1824803.32,"27,12,500.00",Loan2,31-12-2024
31-10-2029,0.0885,1865241.76,0,Loan2,31-12-2024
30-11-2029,0.0885,1805072.67,0,Loan2,31-12-2024
31-12-2029,0.0885,1865241.76,"27,12,500.00",Loan2,31-12-2024
31-01-2030,0.0885,1844853.42,0,Loan2,31-12-2024
28-02-2030,0.0885,1666319.22,0,Loan2,31-12-2024
31-03-2030,0.0885,1844853.42,"27,12,500.00",Loan2,31-12-2024
30-04-2030,0.0885,1765611.37,0,Loan2,31-12-2024
31-05-2030,0.0885,1824465.08,0,Loan2,31-12-2024
30-06-2030,0.0885,1765611.37,"29,45,000.00",Loan2,31-12-2024
31-07-2030,0.0885,1802329.17,0,Loan2,31-12-2024
31-08-2030,0.0885,1802329.17,0,Loan2,31-12-2024
30-09-2030,0.0885,1744189.52,"29,45,000.00",Loan2,31-12-2024
31-10-2030,0.0885,1780193.26,0,Loan2,31-12-2024
30-11-2030,0.0885,1722767.67,0,Loan2,31-12-2024
31-12-2030,0.0885,1780193.26,"29,45,000.00",Loan2,31-12-2024
31-01-2031,0.0885,1758057.35,0,Loan2,31-12-2024
28-02-2031,0.0885,1587922.77,0,Loan2,31-12-2024
31-03-2031,0.0885,1758057.35,"29,45,000.00",Loan2,31-12-2024
30-04-2031,0.0885,1679923.97,0,Loan2,31-12-2024
31-05-2031,0.0885,1735921.44,0,Loan2,31-12-2024
30-06-2031,0.0885,1679923.97,"34,87,500.00",Loan2,31-12-2024
31-07-2031,0.0885,1709707.86,0,Loan2,31-12-2024
31-08-2031,0.0885,1709707.86,0,Loan2,31-12-2024
30-09-2031,0.0885,1654555.99,"34,87,500.00",Loan2,31-12-2024
31-10-2031,0.0885,1683494.28,0,Loan2,31-12-2024
30-11-2031,0.0885,1629188.01,0,Loan2,31-12-2024
31-12-2031,0.0885,1683494.28,"34,87,500.00",Loan2,31-12-2024
31-01-2032,0.0885,1657280.7,0,Loan2,31-12-2024
29-02-2032,0.0885,1550359.37,0,Loan2,31-12-2024
31-03-2032,0.0885,1657280.7,"34,87,500.00",Loan2,31-12-2024
30-04-2032,0.0885,1578452.05,0,Loan2,31-12-2024
31-05-2032,0.0885,1631067.12,0,Loan2,31-12-2024
30-06-2032,0.0885,1578452.05,"36,81,250.00",Loan2,31-12-2024
31-07-2032,0.0885,1603397.23,0,Loan2,31-12-2024
31-08-2032,0.0885,1603397.23,0,Loan2,31-12-2024
30-09-2032,0.0885,1551674.74,"36,81,250.00",Loan2,31-12-2024
31-10-2032,0.0885,1575727.35,0,Loan2,31-12-2024
30-11-2032,0.0885,1524897.43,0,Loan2,31-12-2024
31-12-2032,0.0885,1575727.35,"36,81,250.00",Loan2,31-12-2024
31-01-2033,0.0885,1548057.46,0,Loan2,31-12-2024
28-02-2033,0.0885,1398245.45,0,Loan2,31-12-2024
31-03-2033,0.0885,1548057.46,"36,81,250.00",Loan2,31-12-2024
30-04-2033,0.0885,1471342.81,0,Loan2,31-12-2024
31-05-2033,0.0885,1520387.57,0,Loan2,31-12-2024
30-06-2033,0.0885,1471342.81,"38,75,000.00",Loan2,31-12-2024
31-07-2033,0.0885,1491261.37,0,Loan2,31-12-2024
31-08-2033,0.0885,1491261.37,0,Loan2,31-12-2024
30-09-2033,0.0885,1443156.16,"38,75,000.00",Loan2,31-12-2024
31-10-2033,0.0885,1462135.17,0,Loan2,31-12-2024
30-11-2033,0.0885,1414969.52,0,Loan2,31-12-2024
31-12-2033,0.0885,1462135.17,"38,75,000.00",Loan2,31-12-2024
31-01-2034,0.0885,1433008.97,0,Loan2,31-12-2024
28-02-2034,0.0885,1294330.68,0,Loan2,31-12-2024
31-03-2034,0.0885,1433008.97,"38,75,000.00",Loan2,31-12-2024
30-04-2034,0.0885,1358596.23,0,Loan2,31-12-2024
31-05-2034,0.0885,1403882.77,0,Loan2,31-12-2024
30-06-2034,0.0885,1358596.23,"42,62,500.00",Loan2,31-12-2024
31-07-2034,0.0885,1371843.96,0,Loan2,31-12-2024
31-08-2034,0.0885,1371843.96,0,Loan2,31-12-2024
30-09-2034,0.0885,1327590.92,"42,62,500.00",Loan2,31-12-2024
31-10-2034,0.0885,1339805.14,0,Loan2,31-12-2024
30-11-2034,0.0885,1296585.62,0,Loan2,31-12-2024
31-12-2034,0.0885,1339805.14,"42,62,500.00",Loan2,31-12-2024
31-01-2035,0.0885,1307766.32,0,Loan2,31-12-2024
28-02-2035,0.0885,1181208.29,0,Loan2,31-12-2024
31-03-2035,0.0885,1307766.32,"42,62,500.00",Loan2,31-12-2024
30-04-2035,0.0885,1234575,0,Loan2,31-12-2024
31-05-2035,0.0885,1275727.5,0,Loan2,31-12-2024
30-06-2035,0.0885,1234575,"42,62,500.00",Loan2,31-12-2024
31-07-2035,0.0885,1243688.68,0,Loan2,31-12-2024
31-08-2035,0.0885,1243688.68,0,Loan2,31-12-2024
30-09-2035,0.0885,1203569.69,"42,62,500.00",Loan2,31-12-2024
31-10-2035,0.0885,1211649.86,0,Loan2,31-12-2024
30-11-2035,0.0885,1172564.38,0,Loan2,31-12-2024
31-12-2035,0.0885,1211649.86,"42,62,500.00",Loan2,31-12-2024
31-01-2036,0.0885,1179611.04,0,Loan2,31-12-2024
29-02-2036,0.0885,1103507.11,0,Loan2,31-12-2024
31-03-2036,0.0885,1179611.04,"42,62,500.00",Loan2,31-12-2024
30-04-2036,0.0885,1110553.77,0,Loan2,31-12-2024
31-05-2036,0.0885,1147572.23,0,Loan2,31-12-2024
30-06-2036,0.0885,1110553.77,"46,50,000.00",Loan2,31-12-2024
31-07-2036,0.0885,1112620.79,0,Loan2,31-12-2024
31-08-2036,0.0885,1112620.79,0,Loan2,31-12-2024
30-09-2036,0.0885,1076729.79,"46,50,000.00",Loan2,31-12-2024
31-10-2036,0.0885,1077669.35,0,Loan2,31-12-2024
30-11-2036,0.0885,1042905.82,0,Loan2,31-12-2024
31-12-2036,0.0885,1077669.35,"46,50,000.00",Loan2,31-12-2024
31-01-2037,0.0885,1042717.91,0,Loan2,31-12-2024
28-02-2037,0.0885,941809.73,0,Loan2,31-12-2024
31-03-2037,0.0885,1042717.91,"46,50,000.00",Loan2,31-12-2024
30-04-2037,0.0885,975257.88,0,Loan2,31-12-2024
31-05-2037,0.0885,1007766.47,0,Loan2,31-12-2024
30-06-2037,0.0885,975257.88,"50,37,500.00",Loan2,31-12-2024
31-07-2037,0.0885,969902.41,0,Loan2,31-12-2024
31-08-2037,0.0885,969902.41,0,Loan2,31-12-2024
30-09-2037,0.0885,938615.24,"50,37,500.00",Loan2,31-12-2024
31-10-2037,0.0885,932038.36,0,Loan2,31-12-2024
30-11-2037,0.0885,901972.6,0,Loan2,31-12-2024
31-12-2037,0.0885,932038.36,"50,37,500.00",Loan2,31-12-2024
31-01-2038,0.0885,894174.3,0,Loan2,31-12-2024
28-02-2038,0.0885,807641.3,0,Loan2,31-12-2024
31-03-2038,0.0885,894174.3,"50,37,500.00",Loan2,31-12-2024
30-04-2038,0.0885,828687.33,0,Loan2,31-12-2024
31-05-2038,0.0885,856310.24,0,Loan2,31-12-2024
30-06-2038,0.0885,828687.33,"52,31,250.00",Loan2,31-12-2024
31-07-2038,0.0885,816989.87,0,Loan2,31-12-2024
31-08-2038,0.0885,816989.87,0,Loan2,31-12-2024
30-09-2038,0.0885,790635.36,"52,31,250.00",Loan2,31-12-2024
31-10-2038,0.0885,777669.5,0,Loan2,31-12-2024
30-11-2038,0.0885,752583.39,0,Loan2,31-12-2024
31-12-2038,0.0885,777669.5,"52,31,250.00",Loan2,31-12-2024
31-01-2039,0.0885,738349.14,0,Loan2,31-12-2024
28-02-2039,0.0885,666895.99,0,Loan2,31-12-2024
31-03-2039,0.0885,738349.14,"52,31,250.00",Loan2,31-12-2024
30-04-2039,0.0885,676479.45,0,Loan2,31-12-2024
31-05-2039,0.0885,699028.77,0,Loan2,31-12-2024
30-06-2039,0.0885,676479.45,"58,12,500.00",Loan2,31-12-2024
31-07-2039,0.0885,655339.47,0,Loan2,31-12-2024
31-08-2039,0.0885,655339.47,0,Loan2,31-12-2024
30-09-2039,0.0885,634199.49,"58,12,500.00",Loan2,31-12-2024
31-10-2039,0.0885,611650.17,0,Loan2,31-12-2024
30-11-2039,0.0885,591919.52,0,Loan2,31-12-2024
31-12-2039,0.0885,611650.17,"58,12,500.00",Loan2,31-12-2024
31-01-2040,0.0885,567960.87,0,Loan2,31-12-2024
29-02-2040,0.0885,531318.24,0,Loan2,31-12-2024
31-03-2040,0.0885,567960.87,"58,12,500.00",Loan2,31-12-2024
30-04-2040,0.0885,507359.59,0,Loan2,31-12-2024
31-05-2040,0.0885,524271.58,0,Loan2,31-12-2024
30-06-2040,0.0885,507359.59,"58,12,500.00",Loan2,31-12-2024
31-07-2040,0.0885,480582.28,0,Loan2,31-12-2024
31-08-2040,0.0885,480582.28,0,Loan2,31-12-2024
30-09-2040,0.0885,465079.62,"58,12,500.00",Loan2,31-12-2024
31-10-2040,0.0885,436892.98,0,Loan2,31-12-2024
30-11-2040,0.0885,422799.66,0,Loan2,31-12-2024
31-12-2040,0.0885,436892.98,"58,12,500.00",Loan2,31-12-2024
31-01-2041,0.0885,393203.68,0,Loan2,31-12-2024
28-02-2041,0.0885,355151.71,0,Loan2,31-12-2024
31-03-2041,0.0885,393203.68,"58,12,500.00",Loan2,31-12-2024
30-04-2041,0.0885,338239.73,0,Loan2,31-12-2024
31-05-2041,0.0885,349514.38,0,Loan2,31-12-2024
30-06-2041,0.0885,338239.73,"62,00,000.00",Loan2,31-12-2024
31-07-2041,0.0885,302912.47,0,Loan2,31-12-2024
31-08-2041,0.0885,302912.47,0,Loan2,31-12-2024
30-09-2041,0.0885,293141.1,"62,00,000.00",Loan2,31-12-2024
31-10-2041,0.0885,256310.55,0,Loan2,31-12-2024
30-11-2041,0.0885,248042.47,0,Loan2,31-12-2024
31-12-2041,0.0885,256310.55,"62,00,000.00",Loan2,31-12-2024
31-01-2042,0.0885,209708.63,0,Loan2,31-12-2024
28-02-2042,0.0885,189414.25,0,Loan2,31-12-2024
31-03-2042,0.0885,209708.63,"62,00,000.00",Loan2,31-12-2024
30-04-2042,0.0885,157845.21,0,Loan2,31-12-2024
31-05-2042,0.0885,163106.71,0,Loan2,31-12-2024
30-06-2042,0.0885,157845.21,"72,23,000.00",Loan2,31-12-2024
31-07-2042,0.0885,108815.48,0,Loan2,31-12-2024
31-08-2042,0.0885,108815.48,0,Loan2,31-12-2024
30-09-2042,0.0885,105305.3,"72,23,000.00",Loan2,31-12-2024
31-10-2042,0.0885,54524.24,0,Loan2,31-12-2024
30-11-2042,0.0885,52765.4,0,Loan2,31-12-2024
31-12-2042,0.0885,54524.24,"72,54,000.00",Loan2,31-12-2024
31-01-2025,0.0885,3839902.11,0,Loan2,31-01-2025
28-02-2025,0.0885,2032520.1,0,Loan2,31-01-2025
31-03-2025,0.0885,2250290.11,"27,12,500.00",Loan2,31-01-2025
30-04-2025,0.0885,2157969.45,0,Loan2,31-01-2025
31-05-2025,0.0885,2229901.77,0,Loan2,31-01-2025
30-06-2025,0.0885,2157969.45,"27,12,500.00",Loan2,31-01-2025
31-07-2025,0.0885,2209513.43,0,Loan2,31-01-2025
31-08-2025,0.0885,2209513.43,0,Loan2,31-01-2025
30-09-2025,0.0885,2138238.8,"27,12,500.00",Loan2,31-01-2025
31-10-2025,0.0885,2189125.09,0,Loan2,31-01-2025
30-11-2025,0.0885,2118508.15,0,Loan2,31-01-2025
31-12-2025,0.0885,2189125.09,"27,12,500.00",Loan2,31-01-2025
31-01-2026,0.0885,2168736.75,0,Loan2,31-01-2025
28-02-2026,0.0885,1958859,0,Loan2,31-01-2025
31-03-2026,0.0885,2168736.75,"27,12,500.00",Loan2,31-01-2025
30-04-2026,0.0885,2079046.85,0,Loan2,31-01-2025
31-05-2026,0.0885,2148348.41,0,Loan2,31-01-2025
30-06-2026,0.0885,2079046.85,"27,12,500.00",Loan2,31-01-2025
31-07-2026,0.0885,2127960.07,0,Loan2,31-01-2025
31-08-2026,0.0885,2127960.07,0,Loan2,31-01-2025
30-09-2026,0.0885,2059316.2,"27,12,500.00",Loan2,31-01-2025
31-10-2026,0.0885,2107571.73,0,Loan2,31-01-2025
30-11-2026,0.0885,2039585.55,0,Loan2,31-01-2025
31-12-2026,0.0885,2107571.73,"27,12,500.00",Loan2,31-01-2025
31-01-2027,0.0885,2087183.39,0,Loan2,31-01-2025
28-02-2027,0.0885,1885197.9,0,Loan2,31-01-2025
31-03-2027,0.0885,2087183.39,"27,12,500.00",Loan2,31-01-2025
30-04-2027,0.0885,2000124.25,0,Loan2,31-01-2025
31-05-2027,0.0885,2066795.05,0,Loan2,31-01-2025
30-06-2027,0.0885,2000124.25,"27,12,500.00",Loan2,31-01-2025
31-07-2027,0.0885,2046406.72,0,Loan2,31-01-2025
31-08-2027,0.0885,2046406.72,0,Loan2,31-01-2025
30-09-2027,0.0885,1980393.6,"27,12,500.00",Loan2,31-01-2025
31-10-2027,0.0885,2026018.38,0,Loan2,31-01-2025
30-11-2027,0.0885,1960662.95,0,Loan2,31-01-2025
31-12-2027,0.0885,2026018.38,"27,12,500.00",Loan2,31-01-2025
31-01-2028,0.0885,2005630.04,0,Loan2,31-01-2025
29-02-2028,0.0885,1876234.55,0,Loan2,31-01-2025
31-03-2028,0.0885,2005630.04,"27,12,500.00",Loan2,31-01-2025
30-04-2028,0.0885,1921201.64,0,Loan2,31-01-2025
31-05-2028,0.0885,1985241.7,0,Loan2,31-01-2025
30-06-2028,0.0885,1921201.64,"26,35,000.00",Loan2,31-01-2025
31-07-2028,0.0885,1965435.88,0,Loan2,31-01-2025
31-08-2028,0.0885,1965435.88,0,Loan2,31-01-2025
30-09-2028,0.0885,1902034.73,"26,35,000.00",Loan2,31-01-2025
31-10-2028,0.0885,1945630.07,0,Loan2,31-01-2025
30-11-2028,0.0885,1882867.81,0,Loan2,31-01-2025
31-12-2028,0.0885,1945630.07,"26,35,000.00",Loan2,31-01-2025
31-01-2029,0.0885,1925824.25,0,Loan2,31-01-2025
28-02-2029,0.0885,1739454.16,0,Loan2,31-01-2025
31-03-2029,0.0885,1925824.25,"26,35,000.00",Loan2,31-01-2025
30-04-2029,0.0885,1844533.97,0,Loan2,31-01-2025
31-05-2029,0.0885,1906018.44,0,Loan2,31-01-2025
30-06-2029,0.0885,1844533.97,"27,12,500.00",Loan2,31-01-2025
31-07-2029,0.0885,1885630.1,0,Loan2,31-01-2025
31-08-2029,0.0885,1885630.1,0,Loan2,31-01-2025
30-09-2029,0.0885,1824803.32,"27,12,500.00",Loan2,31-01-2025
31-10-2029,0.0885,1865241.76,0,Loan2,31-01-2025
30-11-2029,0.0885,1805072.67,0,Loan2,31-01-2025
31-12-2029,0.0885,1865241.76,"27,12,500.00",Loan2,31-01-2025
31-01-2030,0.0885,1844853.42,0,Loan2,31-01-2025
28-02-2030,0.0885,1666319.22,0,Loan2,31-01-2025
31-03-2030,0.0885,1844853.42,"27,12,500.00",Loan2,31-01-2025
30-04-2030,0.0885,1765611.37,0,Loan2,31-01-2025
31-05-2030,0.0885,1824465.08,0,Loan2,31-01-2025
30-06-2030,0.0885,1765611.37,"29,45,000.00",Loan2,31-01-2025
31-07-2030,0.0885,1802329.17,0,Loan2,31-01-2025
31-08-2030,0.0885,1802329.17,0,Loan2,31-01-2025
30-09-2030,0.0885,1744189.52,"29,45,000.00",Loan2,31-01-2025
31-10-2030,0.0885,1780193.26,0,Loan2,31-01-2025
30-11-2030,0.0885,1722767.67,0,Loan2,31-01-2025
31-12-2030,0.0885,1780193.26,"29,45,000.00",Loan2,31-01-2025
31-01-2031,0.0885,1758057.35,0,Loan2,31-01-2025
28-02-2031,0.0885,1587922.77,0,Loan2,31-01-2025
31-03-2031,0.0885,1758057.35,"29,45,000.00",Loan2,31-01-2025
30-04-2031,0.0885,1679923.97,0,Loan2,31-01-2025
31-05-2031,0.0885,1735921.44,0,Loan2,31-01-2025
30-06-2031,0.0885,1679923.97,"34,87,500.00",Loan2,31-01-2025
31-07-2031,0.0885,1709707.86,0,Loan2,31-01-2025
31-08-2031,0.0885,1709707.86,0,Loan2,31-01-2025
30-09-2031,0.0885,1654555.99,"34,87,500.00",Loan2,31-01-2025
31-10-2031,0.0885,1683494.28,0,Loan2,31-01-2025
30-11-2031,0.0885,1629188.01,0,Loan2,31-01-2025
31-12-2031,0.0885,1683494.28,"34,87,500.00",Loan2,31-01-2025
31-01-2032,0.0885,1657280.7,0,Loan2,31-01-2025
29-02-2032,0.0885,1550359.37,0,Loan2,31-01-2025
31-03-2032,0.0885,1657280.7,"34,87,500.00",Loan2,31-01-2025
30-04-2032,0.0885,1578452.05,0,Loan2,31-01-2025
31-05-2032,0.0885,1631067.12,0,Loan2,31-01-2025
30-06-2032,0.0885,1578452.05,"36,81,250.00",Loan2,31-01-2025
31-07-2032,0.0885,1603397.23,0,Loan2,31-01-2025
31-08-2032,0.0885,1603397.23,0,Loan2,31-01-2025
30-09-2032,0.0885,1551674.74,"36,81,250.00",Loan2,31-01-2025
31-10-2032,0.0885,1575727.35,0,Loan2,31-01-2025
30-11-2032,0.0885,1524897.43,0,Loan2,31-01-2025
31-12-2032,0.0885,1575727.35,"36,81,250.00",Loan2,31-01-2025
31-01-2033,0.0885,1548057.46,0,Loan2,31-01-2025
28-02-2033,0.0885,1398245.45,0,Loan2,31-01-2025
31-03-2033,0.0885,1548057.46,"36,81,250.00",Loan2,31-01-2025
30-04-2033,0.0885,1471342.81,0,Loan2,31-01-2025
31-05-2033,0.0885,1520387.57,0,Loan2,31-01-2025
30-06-2033,0.0885,1471342.81,"38,75,000.00",Loan2,31-01-2025
31-07-2033,0.0885,1491261.37,0,Loan2,31-01-2025
31-08-2033,0.0885,1491261.37,0,Loan2,31-01-2025
30-09-2033,0.0885,1443156.16,"38,75,000.00",Loan2,31-01-2025
31-10-2033,0.0885,1462135.17,0,Loan2,31-01-2025
30-11-2033,0.0885,1414969.52,0,Loan2,31-01-2025
31-12-2033,0.0885,1462135.17,"38,75,000.00",Loan2,31-01-2025
31-01-2034,0.0885,1433008.97,0,Loan2,31-01-2025
28-02-2034,0.0885,1294330.68,0,Loan2,31-01-2025
31-03-2034,0.0885,1433008.97,"38,75,000.00",Loan2,31-01-2025
30-04-2034,0.0885,1358596.23,0,Loan2,31-01-2025
31-05-2034,0.0885,1403882.77,0,Loan2,31-01-2025
30-06-2034,0.0885,1358596.23,"42,62,500.00",Loan2,31-01-2025
31-07-2034,0.0885,1371843.96,0,Loan2,31-01-2025
31-08-2034,0.0885,1371843.96,0,Loan2,31-01-2025
30-09-2034,0.0885,1327590.92,"42,62,500.00",Loan2,31-01-2025
31-10-2034,0.0885,1339805.14,0,Loan2,31-01-2025
30-11-2034,0.0885,1296585.62,0,Loan2,31-01-2025
31-12-2034,0.0885,1339805.14,"42,62,500.00",Loan2,31-01-2025
31-01-2035,0.0885,1307766.32,0,Loan2,31-01-2025
28-02-2035,0.0885,1181208.29,0,Loan2,31-01-2025
31-03-2035,0.0885,1307766.32,"42,62,500.00",Loan2,31-01-2025
30-04-2035,0.0885,1234575,0,Loan2,31-01-2025
31-05-2035,0.0885,1275727.5,0,Loan2,31-01-2025
30-06-2035,0.0885,1234575,"42,62,500.00",Loan2,31-01-2025
31-07-2035,0.0885,1243688.68,0,Loan2,31-01-2025
31-08-2035,0.0885,1243688.68,0,Loan2,31-01-2025
30-09-2035,0.0885,1203569.69,"42,62,500.00",Loan2,31-01-2025
31-10-2035,0.0885,1211649.86,0,Loan2,31-01-2025
30-11-2035,0.0885,1172564.38,0,Loan2,31-01-2025
31-12-2035,0.0885,1211649.86,"42,62,500.00",Loan2,31-01-2025
31-01-2036,0.0885,1179611.04,0,Loan2,31-01-2025
29-02-2036,0.0885,1103507.11,0,Loan2,31-01-2025
31-03-2036,0.0885,1179611.04,"42,62,500.00",Loan2,31-01-2025
30-04-2036,0.0885,1110553.77,0,Loan2,31-01-2025
31-05-2036,0.0885,1147572.23,0,Loan2,31-01-2025
30-06-2036,0.0885,1110553.77,"46,50,000.00",Loan2,31-01-2025
31-07-2036,0.0885,1112620.79,0,Loan2,31-01-2025
31-08-2036,0.0885,1112620.79,0,Loan2,31-01-2025
30-09-2036,0.0885,1076729.79,"46,50,000.00",Loan2,31-01-2025
31-10-2036,0.0885,1077669.35,0,Loan2,31-01-2025
30-11-2036,0.0885,1042905.82,0,Loan2,31-01-2025
31-12-2036,0.0885,1077669.35,"46,50,000.00",Loan2,31-01-2025
31-01-2037,0.0885,1042717.91,0,Loan2,31-01-2025
28-02-2037,0.0885,941809.73,0,Loan2,31-01-2025
31-03-2037,0.0885,1042717.91,"46,50,000.00",Loan2,31-01-2025
30-04-2037,0.0885,975257.88,0,Loan2,31-01-2025
31-05-2037,0.0885,1007766.47,0,Loan2,31-01-2025
30-06-2037,0.0885,975257.88,"50,37,500.00",Loan2,31-01-2025
31-07-2037,0.0885,969902.41,0,Loan2,31-01-2025
31-08-2037,0.0885,969902.41,0,Loan2,31-01-2025
30-09-2037,0.0885,938615.24,"50,37,500.00",Loan2,31-01-2025
31-10-2037,0.0885,932038.36,0,Loan2,31-01-2025
30-11-2037,0.0885,901972.6,0,Loan2,31-01-2025
31-12-2037,0.0885,932038.36,"50,37,500.00",Loan2,31-01-2025
31-01-2038,0.0885,894174.3,0,Loan2,31-01-2025
28-02-2038,0.0885,807641.3,0,Loan2,31-01-2025
31-03-2038,0.0885,894174.3,"50,37,500.00",Loan2,31-01-2025
30-04-2038,0.0885,828687.33,0,Loan2,31-01-2025
31-05-2038,0.0885,856310.24,0,Loan2,31-01-2025
30-06-2038,0.0885,828687.33,"52,31,250.00",Loan2,31-01-2025
31-07-2038,0.0885,816989.87,0,Loan2,31-01-2025
31-08-2038,0.0885,816989.87,0,Loan2,31-01-2025
30-09-2038,0.0885,790635.36,"52,31,250.00",Loan2,31-01-2025
31-10-2038,0.0885,777669.5,0,Loan2,31-01-2025
30-11-2038,0.0885,752583.39,0,Loan2,31-01-2025
31-12-2038,0.0885,777669.5,"52,31,250.00",Loan2,31-01-2025
31-01-2039,0.0885,738349.14,0,Loan2,31-01-2025
28-02-2039,0.0885,666895.99,0,Loan2,31-01-2025
31-03-2039,0.0885,738349.14,"52,31,250.00",Loan2,31-01-2025
30-04-2039,0.0885,676479.45,0,Loan2,31-01-2025
31-05-2039,0.0885,699028.77,0,Loan2,31-01-2025
30-06-2039,0.0885,676479.45,"58,12,500.00",Loan2,31-01-2025
31-07-2039,0.0885,655339.47,0,Loan2,31-01-2025
31-08-2039,0.0885,655339.47,0,Loan2,31-01-2025
30-09-2039,0.0885,634199.49,"58,12,500.00",Loan2,31-01-2025
31-10-2039,0.0885,611650.17,0,Loan2,31-01-2025
30-11-2039,0.0885,591919.52,0,Loan2,31-01-2025
31-12-2039,0.0885,611650.17,"58,12,500.00",Loan2,31-01-2025
31-01-2040,0.0885,567960.87,0,Loan2,31-01-2025
29-02-2040,0.0885,531318.24,0,Loan2,31-01-2025
31-03-2040,0.0885,567960.87,"58,12,500.00",Loan2,31-01-2025
30-04-2040,0.0885,507359.59,0,Loan2,31-01-2025
31-05-2040,0.0885,524271.58,0,Loan2,31-01-2025
30-06-2040,0.0885,507359.59,"58,12,500.00",Loan2,31-01-2025
31-07-2040,0.0885,480582.28,0,Loan2,31-01-2025
31-08-2040,0.0885,480582.28,0,Loan2,31-01-2025
30-09-2040,0.0885,465079.62,"58,12,500.00",Loan2,31-01-2025
31-10-2040,0.0885,436892.98,0,Loan2,31-01-2025
30-11-2040,0.0885,422799.66,0,Loan2,31-01-2025
31-12-2040,0.0885,436892.98,"58,12,500.00",Loan2,31-01-2025
31-01-2041,0.0885,393203.68,0,Loan2,31-01-2025
28-02-2041,0.0885,355151.71,0,Loan2,31-01-2025
31-03-2041,0.0885,393203.68,"58,12,500.00",Loan2,31-01-2025
30-04-2041,0.0885,338239.73,0,Loan2,31-01-2025
31-05-2041,0.0885,349514.38,0,Loan2,31-01-2025
30-06-2041,0.0885,338239.73,"62,00,000.00",Loan2,31-01-2025
31-07-2041,0.0885,302912.47,0,Loan2,31-01-2025
31-08-2041,0.0885,302912.47,0,Loan2,31-01-2025
30-09-2041,0.0885,293141.1,"62,00,000.00",Loan2,31-01-2025
31-10-2041,0.0885,256310.55,0,Loan2,31-01-2025
30-11-2041,0.0885,248042.47,0,Loan2,31-01-2025
31-12-2041,0.0885,256310.55,"62,00,000.00",Loan2,31-01-2025
31-01-2042,0.0885,209708.63,0,Loan2,31-01-2025
28-02-2042,0.0885,189414.25,0,Loan2,31-01-2025
31-03-2042,0.0885,209708.63,"62,00,000.00",Loan2,31-01-2025
30-04-2042,0.0885,157845.21,0,Loan2,31-01-2025
31-05-2042,0.0885,163106.71,0,Loan2,31-01-2025
30-06-2042,0.0885,157845.21,"72,23,000.00",Loan2,31-01-2025
31-07-2042,0.0885,108815.48,0,Loan2,31-01-2025
31-08-2042,0.0885,108815.48,0,Loan2,31-01-2025
30-09-2042,0.0885,105305.3,"72,23,000.00",Loan2,31-01-2025
31-10-2042,0.0885,54524.24,0,Loan2,31-01-2025
30-11-2042,0.0885,52765.4,0,Loan2,31-01-2025
31-12-2042,0.0885,54524.24,"72,54,000.00",Loan2,31-01-2025
06-02-2025,0.0885,508130.02,0,Loan2,06-02-2025
28-02-2025,0.09,1550227.19,0,Loan2,06-02-2025
31-03-2025,0.09,2288430.62,"27,12,500.00",Loan2,06-02-2025
30-04-2025,0.09,2194545.21,0,Loan2,06-02-2025
31-05-2025,0.09,2267696.71,0,Loan2,06-02-2025
30-06-2025,0.09,2194545.21,"27,12,500.00",Loan2,06-02-2025
31-07-2025,0.09,2246962.81,0,Loan2,06-02-2025
31-08-2025,0.09,2246962.81,0,Loan2,06-02-2025
30-09-2025,0.09,2174480.14,"27,12,500.00",Loan2,06-02-2025
31-10-2025,0.09,2226228.9,0,Loan2,06-02-2025
30-11-2025,0.09,2154415.07,0,Loan2,06-02-2025
31-12-2025,0.09,2226228.9,"27,12,500.00",Loan2,06-02-2025
31-01-2026,0.09,2205495,0,Loan2,06-02-2025
28-02-2026,0.09,1992060,0,Loan2,06-02-2025
31-03-2026,0.09,2205495,"27,12,500.00",Loan2,06-02-2025
30-04-2026,0.09,2114284.93,0,Loan2,06-02-2025
31-05-2026,0.09,2184761.1,0,Loan2,06-02-2025
30-06-2026,0.09,2114284.93,"27,12,500.00",Loan2,06-02-2025
31-07-2026,0.09,2164027.19,0,Loan2,06-02-2025
31-08-2026,0.09,2164027.19,0,Loan2,06-02-2025
30-09-2026,0.09,2094219.86,"27,12,500.00",Loan2,06-02-2025
31-10-2026,0.09,2143293.29,0,Loan2,06-02-2025
30-11-2026,0.09,2074154.79,0,Loan2,06-02-2025
31-12-2026,0.09,2143293.29,"27,12,500.00",Loan2,06-02-2025
31-01-2027,0.09,2122559.38,0,Loan2,06-02-2025
28-02-2027,0.09,1917150.41,0,Loan2,06-02-2025
31-03-2027,0.09,2122559.38,"27,12,500.00",Loan2,06-02-2025
30-04-2027,0.09,2034024.66,0,Loan2,06-02-2025
31-05-2027,0.09,2101825.48,0,Loan2,06-02-2025
30-06-2027,0.09,2034024.66,"27,12,500.00",Loan2,06-02-2025
31-07-2027,0.09,2081091.58,0,Loan2,06-02-2025
31-08-2027,0.09,2081091.58,0,Loan2,06-02-2025
30-09-2027,0.09,2013959.59,"27,12,500.00",Loan2,06-02-2025
31-10-2027,0.09,2060357.67,0,Loan2,06-02-2025
30-11-2027,0.09,1993894.52,0,Loan2,06-02-2025
31-12-2027,0.09,2060357.67,"27,12,500.00",Loan2,06-02-2025
31-01-2028,0.09,2039623.77,0,Loan2,06-02-2025
29-02-2028,0.09,1908035.14,0,Loan2,06-02-2025
31-03-2028,0.09,2039623.77,"27,12,500.00",Loan2,06-02-2025
30-04-2028,0.09,1953764.38,0,Loan2,06-02-2025
31-05-2028,0.09,2018889.86,0,Loan2,06-02-2025
30-06-2028,0.09,1953764.38,"26,35,000.00",Loan2,06-02-2025
31-07-2028,0.09,1998748.36,0,Loan2,06-02-2025
31-08-2028,0.09,1998748.36,0,Loan2,06-02-2025
30-09-2028,0.09,1934272.6,"26,35,000.00",Loan2,06-02-2025
31-10-2028,0.09,1978606.85,0,Loan2,06-02-2025
30-11-2028,0.09,1914780.82,0,Loan2,06-02-2025
31-12-2028,0.09,1978606.85,"26,35,000.00",Loan2,06-02-2025
31-01-2029,0.09,1958465.34,0,Loan2,06-02-2025
28-02-2029,0.09,1768936.44,0,Loan2,06-02-2025
31-03-2029,0.09,1958465.34,"26,35,000.00",Loan2,06-02-2025
30-04-2029,0.09,1875797.26,0,Loan2,06-02-2025
31-05-2029,0.09,1938323.84,0,Loan2,06-02-2025
30-06-2029,0.09,1875797.26,"27,12,500.00",Loan2,06-02-2025
31-07-2029,0.09,1917589.93,0,Loan2,06-02-2025
31-08-2029,0.09,1917589.93,0,Loan2,06-02-2025
30-09-2029,0.09,1855732.19,"27,12,500.00",Loan2,06-02-2025
31-10-2029,0.09,1896856.03,0,Loan2,06-02-2025
30-11-2029,0.09,1835667.12,0,Loan2,06-02-2025
31-12-2029,0.09,1896856.03,"27,12,500.00",Loan2,06-02-2025
31-01-2030,0.09,1876122.12,0,Loan2,06-02-2025
28-02-2030,0.09,1694561.92,0,Loan2,06-02-2025
31-03-2030,0.09,1876122.12,"27,12,500.00",Loan2,06-02-2025
30-04-2030,0.09,1795536.99,0,Loan2,06-02-2025
31-05-2030,0.09,1855388.22,0,Loan2,06-02-2025
30-06-2030,0.09,1795536.99,"29,45,000.00",Loan2,06-02-2025
31-07-2030,0.09,1832877.12,0,Loan2,06-02-2025
31-08-2030,0.09,1832877.12,0,Loan2,06-02-2025
30-09-2030,0.09,1773752.05,"29,45,000.00",Loan2,06-02-2025
31-10-2030,0.09,1810366.03,0,Loan2,06-02-2025
30-11-2030,0.09,1751967.12,0,Loan2,06-02-2025
31-12-2030,0.09,1810366.03,"29,45,000.00",Loan2,06-02-2025
31-01-2031,0.09,1787854.93,0,Loan2,06-02-2025
28-02-2031,0.09,1614836.71,0,Loan2,06-02-2025
31-03-2031,0.09,1787854.93,"29,45,000.00",Loan2,06-02-2025
30-04-2031,0.09,1708397.26,0,Loan2,06-02-2025
31-05-2031,0.09,1765343.84,0,Loan2,06-02-2025
30-06-2031,0.09,1708397.26,"34,87,500.00",Loan2,06-02-2025
31-07-2031,0.09,1738685.96,0,Loan2,06-02-2025
31-08-2031,0.09,1738685.96,0,Loan2,06-02-2025
30-09-2031,0.09,1682599.32,"34,87,500.00",Loan2,06-02-2025
31-10-2031,0.09,1712028.08,0,Loan2,06-02-2025
30-11-2031,0.09,1656801.37,0,Loan2,06-02-2025
31-12-2031,0.09,1712028.08,"34,87,500.00",Loan2,06-02-2025
31-01-2032,0.09,1685370.21,0,Loan2,06-02-2025
29-02-2032,0.09,1576636.64,0,Loan2,06-02-2025
31-03-2032,0.09,1685370.21,"34,87,500.00",Loan2,06-02-2025
30-04-2032,0.09,1605205.48,0,Loan2,06-02-2025
31-05-2032,0.09,1658712.33,0,Loan2,06-02-2025
30-06-2032,0.09,1605205.48,"36,81,250.00",Loan2,06-02-2025
31-07-2032,0.09,1630573.46,0,Loan2,06-02-2025
31-08-2032,0.09,1630573.46,0,Loan2,06-02-2025
30-09-2032,0.09,1577974.32,"36,81,250.00",Loan2,06-02-2025
31-10-2032,0.09,1602434.59,0,Loan2,06-02-2025
30-11-2032,0.09,1550743.15,0,Loan2,06-02-2025
31-12-2032,0.09,1602434.59,"36,81,250.00",Loan2,06-02-2025
31-01-2033,0.09,1574295.72,0,Loan2,06-02-2025
28-02-2033,0.09,1421944.52,0,Loan2,06-02-2025
31-03-2033,0.09,1574295.72,"36,81,250.00",Loan2,06-02-2025
30-04-2033,0.09,1496280.82,0,Loan2,06-02-2025
31-05-2033,0.09,1546156.85,0,Loan2,06-02-2025
30-06-2033,0.09,1496280.82,"38,75,000.00",Loan2,06-02-2025
31-07-2033,0.09,1516536.99,0,Loan2,06-02-2025
31-08-2033,0.09,1516536.99,0,Loan2,06-02-2025
30-09-2033,0.09,1467616.44,"38,75,000.00",Loan2,06-02-2025
31-10-2033,0.09,1486917.12,0,Loan2,06-02-2025
30-11-2033,0.09,1438952.05,0,Loan2,06-02-2025
31-12-2033,0.09,1486917.12,"38,75,000.00",Loan2,06-02-2025
31-01-2034,0.09,1457297.26,0,Loan2,06-02-2025
28-02-2034,0.09,1316268.49,0,Loan2,06-02-2025
31-03-2034,0.09,1457297.26,"38,75,000.00",Loan2,06-02-2025
30-04-2034,0.09,1381623.29,0,Loan2,06-02-2025
31-05-2034,0.09,1427677.4,0,Loan2,06-02-2025
30-06-2034,0.09,1381623.29,"42,62,500.00",Loan2,06-02-2025
31-07-2034,0.09,1395095.55,0,Loan2,06-02-2025
31-08-2034,0.09,1395095.55,0,Loan2,06-02-2025
30-09-2034,0.09,1350092.47,"42,62,500.00",Loan2,06-02-2025
31-10-2034,0.09,1362513.7,0,Loan2,06-02-2025
30-11-2034,0.09,1318561.64,0,Loan2,06-02-2025
31-12-2034,0.09,1362513.7,"42,62,500.00",Loan2,06-02-2025
31-01-2035,0.09,1329931.85,0,Loan2,06-02-2025
28-02-2035,0.09,1201228.77,0,Loan2,06-02-2025
31-03-2035,0.09,1329931.85,"42,62,500.00",Loan2,06-02-2025
30-04-2035,0.09,1255500,0,Loan2,06-02-2025
31-05-2035,0.09,1297350,0,Loan2,06-02-2025
30-06-2035,0.09,1255500,"42,62,500.00",Loan2,06-02-2025
31-07-2035,0.09,1264768.15,0,Loan2,06-02-2025
31-08-2035,0.09,1264768.15,0,Loan2,06-02-2025
30-09-2035,0.09,1223969.18,"42,62,500.00",Loan2,06-02-2025
31-10-2035,0.09,1232186.3,0,Loan2,06-02-2025
30-11-2035,0.09,1192438.36,0,Loan2,06-02-2025
31-12-2035,0.09,1232186.3,"42,62,500.00",Loan2,06-02-2025
31-01-2036,0.09,1199604.45,0,Loan2,06-02-2025
29-02-2036,0.09,1122210.62,0,Loan2,06-02-2025
31-03-2036,0.09,1199604.45,"42,62,500.00",Loan2,06-02-2025
30-04-2036,0.09,1129376.71,0,Loan2,06-02-2025
31-05-2036,0.09,1167022.6,0,Loan2,06-02-2025
30-06-2036,0.09,1129376.71,"46,50,000.00",Loan2,06-02-2025
31-07-2036,0.09,1131478.77,0,Loan2,06-02-2025
31-08-2036,0.09,1131478.77,0,Loan2,06-02-2025
30-09-2036,0.09,1094979.45,"46,50,000.00",Loan2,06-02-2025
31-10-2036,0.09,1095934.93,0,Loan2,06-02-2025
30-11-2036,0.09,1060582.19,0,Loan2,06-02-2025
31-12-2036,0.09,1095934.93,"46,50,000.00",Loan2,06-02-2025
31-01-2037,0.09,1060391.1,0,Loan2,06-02-2025
28-02-2037,0.09,957772.6,0,Loan2,06-02-2025
31-03-2037,0.09,1060391.1,"46,50,000.00",Loan2,06-02-2025
30-04-2037,0.09,991787.67,0,Loan2,06-02-2025
31-05-2037,0.09,1024847.26,0,Loan2,06-02-2025
30-06-2037,0.09,991787.67,"50,37,500.00",Loan2,06-02-2025
31-07-2037,0.09,986341.44,0,Loan2,06-02-2025
31-08-2037,0.09,986341.44,0,Loan2,06-02-2025
30-09-2037,0.09,954523.97,"50,37,500.00",Loan2,06-02-2025
31-10-2037,0.09,947835.62,0,Loan2,06-02-2025
30-11-2037,0.09,917260.27,0,Loan2,06-02-2025
31-12-2037,0.09,947835.62,"50,37,500.00",Loan2,06-02-2025
31-01-2038,0.09,909329.79,0,Loan2,06-02-2025
28-02-2038,0.09,821330.14,0,Loan2,06-02-2025
31-03-2038,0.09,909329.79,"50,37,500.00",Loan2,06-02-2025
30-04-2038,0.09,842732.88,0,Loan2,06-02-2025
31-05-2038,0.09,870823.97,0,Loan2,06-02-2025
30-06-2038,0.09,842732.88,"52,31,250.00",Loan2,06-02-2025
31-07-2038,0.09,830837.16,0,Loan2,06-02-2025
31-08-2038,0.09,830837.16,0,Loan2,06-02-2025
30-09-2038,0.09,804035.96,"52,31,250.00",Loan2,06-02-2025
31-10-2038,0.09,790850.34,0,Loan2,06-02-2025
30-11-2038,0.09,765339.04,0,Loan2,06-02-2025
31-12-2038,0.09,790850.34,"52,31,250.00",Loan2,06-02-2025
31-01-2039,0.09,750863.53,0,Loan2,06-02-2025
28-02-2039,0.09,678199.32,0,Loan2,06-02-2025
31-03-2039,0.09,750863.53,"52,31,250.00",Loan2,06-02-2025
30-04-2039,0.09,687945.21,0,Loan2,06-02-2025
31-05-2039,0.09,710876.71,0,Loan2,06-02-2025
30-06-2039,0.09,687945.21,"58,12,500.00",Loan2,06-02-2025
31-07-2039,0.09,666446.92,0,Loan2,06-02-2025
31-08-2039,0.09,666446.92,0,Loan2,06-02-2025
30-09-2039,0.09,644948.63,"58,12,500.00",Loan2,06-02-2025
31-10-2039,0.09,622017.12,0,Loan2,06-02-2025
30-11-2039,0.09,601952.05,0,Loan2,06-02-2025
31-12-2039,0.09,622017.12,"58,12,500.00",Loan2,06-02-2025
31-01-2040,0.09,577587.33,0,Loan2,06-02-2025
29-02-2040,0.09,540323.63,0,Loan2,06-02-2025
31-03-2040,0.09,577587.33,"58,12,500.00",Loan2,06-02-2025
30-04-2040,0.09,515958.9,0,Loan2,06-02-2025
31-05-2040,0.09,533157.53,0,Loan2,06-02-2025
30-06-2040,0.09,515958.9,"58,12,500.00",Loan2,06-02-2025
31-07-2040,0.09,488727.74,0,Loan2,06-02-2025
31-08-2040,0.09,488727.74,0,Loan2,06-02-2025
30-09-2040,0.09,472962.33,"58,12,500.00",Loan2,06-02-2025
31-10-2040,0.09,444297.95,0,Loan2,06-02-2025
30-11-2040,0.09,429965.75,0,Loan2,06-02-2025
31-12-2040,0.09,444297.95,"58,12,500.00",Loan2,06-02-2025
31-01-2041,0.09,399868.15,0,Loan2,06-02-2025
28-02-2041,0.09,361171.23,0,Loan2,06-02-2025
31-03-2041,0.09,399868.15,"58,12,500.00",Loan2,06-02-2025
30-04-2041,0.09,343972.6,0,Loan2,06-02-2025
31-05-2041,0.09,355438.36,0,Loan2,06-02-2025
30-06-2041,0.09,343972.6,"62,00,000.00",Loan2,06-02-2025
31-07-2041,0.09,308046.58,0,Loan2,06-02-2025
31-08-2041,0.09,308046.58,0,Loan2,06-02-2025
30-09-2041,0.09,298109.59,"62,00,000.00",Loan2,06-02-2025
31-10-2041,0.09,260654.79,0,Loan2,06-02-2025
30-11-2041,0.09,252246.58,0,Loan2,06-02-2025
31-12-2041,0.09,260654.79,"62,00,000.00",Loan2,06-02-2025
31-01-2042,0.09,213263.01,0,Loan2,06-02-2025
28-02-2042,0.09,192624.66,0,Loan2,06-02-2025
31-03-2042,0.09,213263.01,"62,00,000.00",Loan2,06-02-2025
30-04-2042,0.09,160520.55,0,Loan2,06-02-2025
31-05-2042,0.09,165871.23,0,Loan2,06-02-2025
30-06-2042,0.09,160520.55,"72,23,000.00",Loan2,06-02-2025
31-07-2042,0.09,110659.81,0,Loan2,06-02-2025
31-08-2042,0.09,110659.81,0,Loan2,06-02-2025
30-09-2042,0.09,107090.14,"72,23,000.00",Loan2,06-02-2025
31-10-2042,0.09,55448.38,0,Loan2,06-02-2025
30-11-2042,0.09,53659.73,0,Loan2,06-02-2025
31-12-2042,0.09,55448.38,"72,54,000.00",Loan2,06-02-2025
